<?xml version="1.0" encoding="UTF-8"?>
<!DOCTYPE mapper
        PUBLIC "-//mybatis.org//DTD Mapper 3.0//EN"
        "http://mybatis.org/dtd/mybatis-3-mapper.dtd">
<mapper namespace="com.har.mapper.MenuMapper">

    <resultMap id="BaseResultMap" type="com.har.entity.Menu">
            <id property="menuId" column="menu_id" jdbcType="INTEGER"/>
            <result property="parentId" column="parent_id" jdbcType="INTEGER"/>
            <result property="menuType" column="menu_type" jdbcType="TINYINT"/>
            <result property="path" column="path" jdbcType="VARCHAR"/>
            <result property="componentPath" column="component_path" jdbcType="VARCHAR"/>
            <result property="perms" column="perms" jdbcType="VARCHAR"/>
    </resultMap>

    <sql id="Base_Column_List">
        menu_id,parent_id,menu_type,
        path,component_path,perms
    </sql>
</mapper>
