<?xml version="1.0" encoding="UTF-8"?>
<!DOCTYPE mapper
        PUBLIC "-//mybatis.org//DTD Mapper 3.0//EN"
        "http://mybatis.org/dtd/mybatis-3-mapper.dtd">
<mapper namespace="com.har.mapper.UserMapper">

    <resultMap id="BaseResultMap" type="com.har.entity.User">
            <id property="id" column="id" jdbcType="INTEGER"/>
            <result property="username" column="username" jdbcType="VARCHAR"/>
            <result property="password" column="password" jdbcType="VARCHAR"/>
            <result property="type" column="type" jdbcType="TINYINT"/>
    </resultMap>

    <sql id="Base_Column_List">
        id,username,password,
        type
    </sql>
</mapper>
